DI_Avg,KI_Avg,MK_Avg,HB_Avg,GL_Avg,BH_Avg,HO_Avg,TK_Avg,RB_Avg,I5_Avg,CL_Avg,target
 -28.87537, -25.90528, -11.83763,  -2.97009,   0.18926,   0.24697,   2.67121,   1.61389,  -6.12226,  -5.11571,   5.54184,   0.00000
  18.20796,   0.15209,   6.06362,  18.05587,  -1.02522,  -0.06087,  10.64167,  -0.33260,  -8.14644,  -2.17338,   5.27501,   0.00000
   8.79040,  24.56980,  11.86592, -15.77940,   1.32372,  -1.05745,  16.59544,  -6.53653,  -2.58040,   5.26311,  15.13311,   0.00000
  47.77437,  28.34896,   8.41102,  19.42541,   5.75552,   3.86162, -26.60055,  11.07962,  -6.57938,  12.87437,   4.59499,   0.00000
   6.66440,  11.28454,   6.22387,  -4.62014,   2.88422,   1.20970, -13.08847,  -0.59268,  -0.78710,   2.11780,   3.05379,   0.00000
 -99.93445, -46.80556, -12.82033, -53.12889,  -1.39878,  -1.27703,  14.78197, -13.63206,  -5.32313, -16.00079,  -5.23697,   0.00000
  20.47526,   7.71657,  12.07787,  12.75868,   4.47751,   4.04679, -48.20939,   2.07932,  -2.73310,   0.69762,  -2.20911,   0.00000
 -40.74909, -24.41527,  -7.09564, -16.33382,  -5.84972,  -2.37951,   6.52487, -12.66261,   0.56153,  -9.20692,   1.98939,   0.00000
  12.16851,  16.71483,   7.09351,  -4.54632,   5.02729,   2.12457, -17.41086,  -0.40745,  -2.89516,   0.48064,   7.18197,   0.00000
