DI_Avg,KI_Avg,MK_Avg,HB_Avg,GL_Avg,BH_Avg,HO_Avg,TK_Avg,RB_Avg,I5_Avg,CL_Avg,target
  37.47131,  24.92584,  14.28719,  12.54548,   4.50720,   4.04174,   7.46345,   9.13979,  -0.50593,   7.98501,   4.18170,   0.00000
  20.38654,  11.09835,   4.54746,   9.28819,   0.94640,  -1.58296, -18.29101,   8.21426,   0.41111,   1.19802,   3.71834,   0.00000
 131.62500,  78.97790,  32.47175,  52.64710,   6.56585,   4.39052,  25.12919,  22.72892,  10.90804,  23.39901,  15.75629,   0.00000
 113.72620,  63.03926,  20.68901,  50.68694,   7.74689,   4.59645,   1.59424,  25.23084,   6.64319,  23.63780,  23.02965,   0.00000
 -28.91307, -21.91896,  -7.73232,  -6.99410,  -4.09261,  -3.61550, -35.35298, -15.05465,  -0.91147,  -4.66056,   0.54231,   0.00000
 -59.29851, -35.00914,  -9.45782, -24.28937,  -3.36933,  -4.55099,   0.87521, -17.96830,  -7.02429,  -9.27237,  -9.42452,   0.00000
  14.84378,  10.62562,  15.30848,   4.21816,   2.28813,   0.98043,   2.39143,  -2.43121,   3.43538,  -1.42286,  -5.05148,   0.00000
-106.25375, -61.41994, -22.40118, -44.83381,  -7.85909,  -6.39652,  -2.81774, -17.70813,  -1.07997, -16.75426, -15.20284,   0.00000
 -48.19367, -24.92963, -10.25406, -23.26404,  -2.95172,  -1.51666,   0.88437, -15.03526,   2.02409,  -8.54066,  -4.62653,   0.00000
