DI_Avg,KI_Avg,MK_Avg,HB_Avg,GL_Avg,BH_Avg,HO_Avg,TK_Avg,RB_Avg,I5_Avg,CL_Avg,target
  -4.58287, -15.08302,   1.51278,  10.50015,   1.58750,  -0.52934, -19.88418,  -0.12931,  -3.83021,  -5.50564,  -6.06713,   0.00000
  68.70767,  33.61375,  21.23992,  35.09392,   4.62175,   2.52620,  -1.46301,  13.72799,  -1.32205,   5.85149,   8.16198,   0.00000
 -32.77090, -37.12156, -25.74200,   4.35066,  -2.05282,  -1.66520,  18.02974,  -5.44429,  -7.45228,  -3.21314,   4.57535,   0.00000
  59.37727,  56.26728,  27.97974,   3.10999,   3.83160,   0.44388,  33.67908,  17.62748,   2.24188,  12.93364,  20.32436,   0.00000
  27.65765,  14.90745,   8.27190,  12.75019,   0.62873,   1.77297,  -7.41699,  -2.52691,   0.67610,   9.17189,  -0.55666,   0.00000
  13.76044,  16.78709,   6.84351,  -3.02665,   1.19029,  -1.16316,  -7.76760,  11.22355,   4.89265,   2.36288,   7.51209,   0.00000
 106.07353,  48.03796,   1.17276,  58.03556,   0.64479,   1.78052,  10.48158,  15.36062,   9.06381,  19.99535,  11.01225,   0.00000
   2.05952,   4.52531,   1.70768,  -2.46579,   5.30013,   1.55047,  33.24978,  -3.60878, -11.24140,  18.14375,  -4.60441,   0.00000
 -10.77203,   7.49780,   2.48982, -18.26983,   0.31424,   1.03710,  10.25977,  10.79154,   1.63281,  -3.85688,   6.20206,   0.00000
